word,frequency
love,690
family,296
know,287
thank,262
sorry,222
want,209
god,199
like,184
say,163
just,149
make,149
lord,141
statement,139
life,138
ll,136
going,131
forgive,128
hope,124
tell,124
did,113
don,113
people,113
offender,109
declined,108
yes,108
peace,103
warden,102
jesus,100
ya,99
strong,88
death,86
ready,85
let,81
ask,80
father,79
heart,74
everybody,72
pain,69
man,67
home,65
friends,63
come,62
right,62
stay,61
years,61
care,60
pray,55
got,54
christ,53
time,53
forgiveness,51
caused,49
mom,47
innocent,46
loved,44
sir,44
way,44
bless,42
support,41
ve,41
apologize,40
good,40
world,40
didn,39
heaven,39
row,39
lot,38
allah,37
day,37
continue,35
sister,35
tonight,34
said,33
son,33
things,33
yall,33
im,32
today,32
wish,32
happened,31
really,31
thing,31
mr,30
thanks,30
brother,29
mother,29
appreciate,28
hate,28
brothers,27
kill,27
murder,27
ones,27
spirit,27
think,27
truth,27
wrong,27
help,26
hurt,26
texas,26
thy,26
better,25
feel,25
justice,25
look,25
place,25
alright,24
goodbye,24
holy,24
mercy,24
need,24
thats,24
truly,24
understand,24
wanted,24
believe,23
guys,23
soul,23
told,23
victim,23
doing,22
killing,22
live,22
long,22
sins,22
best,21
closure,21
john,21
ah,20
amen,20
die,20
hold,20
kids,20
bring,19
change,19
crime,19
free,19
gonna,19
hearts,19
praise,19
remember,19
stop,19
wife,19
witness,19
coming,18
dad,18
heads,18
irene,18
leave,18
mean,18
state,18
talk,18
words,18
children,17
daughter,17
end,17
fight,17
head,17
strength,17
sure,17
trial,17
baby,16
beautiful,16
faith,16
gave,16
happening,16
happy,16
killed,16
mama,16
momma,16
ms,16
okay,16
person,16
real,16
suffering,16
anybody,15
black,15
bye,15
court,15
does,15
evil,15
forgiven,15
forward,15
great,15
hear,15
house,15
jack,15
letter,15
little,15
shall,15
thought,15
waiting,15
bad,14
brought,14
days,14
earth,14
friend,14
took,14
victims,14
america,13
chance,13
fear,13
forever,13
goes,13
helped,13
mad,13
ok,13
point,13
power,13
prayer,13
reason,13
taking,13
comfort,12
died,12
execution,12
eyes,12
given,12
lives,12
lost,12
loving,12
penalty,12
police,12
rest,12
saying,12
standing,12
thou,12
won,12
written,12
address,11
ago,11
ahead,11
ain,11
asked,11
attorney,11
blessing,11
came,11
cause,11
commit,11
deserve,11
dont,11
forget,11
glory,11
happen,11
hard,11
knows,11
learn,11
left,11
lie,11
lynching,11
someday,11
walk,11
work,11
able,10
almighty,10
face,10
guess,10
ill,10
ive,10
kingdom,10
later,10
loves,10
meant,10
mistake,10
mrs,10
parents,10
showed,10
shown,10
sisters,10
supporting,10
worry,10
away,9
bear,9
brings,9
carry,9
chaplain,9
country,9
extend,9
fine,9
finished,9
giving,9
gone,9
grace,9
hands,9
having,9
human,9
knew,9
looking,9
loss,9
mary,9
miss,9
officer,9
oh,9
past,9
prison,9
respect,9
return,9
stand,9
supported,9
taken,9
unto,9
wasn,9
watch,9
accept,8
anger,8
art,8
big,8
bitterness,8
body,8
called,8
david,8
donna,8
evidence,8
friendship,8
guilty,8
happiness,8
heavenly,8
honor,8
james,8
kathy,8
merciful,8
mistakes,8
officers,8
precious,8
promise,8
sentence,8
shot,8
society,8
somebody,8
soon,8
spanish,8
struggle,8
unintelligible,8
use,8
went,8
wonderful,8
actions,7
american,7
angry,7
attorneys,7
blessed,7
bobby,7
case,7
committed,7
confess,7
daddy,7
dear,7
dearly,7
families,7
freedom,7
glad,7
grief,7
hurting,7
innocence,7
isn,7
kind,7
king,7
law,7
lawyers,7
marching,7
matter,7
men,7
mexico,7
michael,7
night,7
paid,7
prove,7
putting,7
sake,7
save,7
saved,7
send,7
situation,7
sleep,7
surely,7
times,7
touch,7
trying,7
angel,6
boswell,6
boy,6
changed,6
child,6
church,6
convicted,6
couldn,6
crying,6
dead,6
defense,6
deliver,6
doesn,6
dying,6
enemies,6
especially,6
executed,6
fighting,6
fixing,6
follow,6
forgotten,6
future,6
girl,6
gods,6
gun,6
hatred,6
hell,6
lay,6
lead,6
meet,6
members,6
mind,6
moment,6
needs,6
opportunity,6
polunsky,6
praying,6
present,6
press,6
probably,6
proud,6
raised,6
reach,6
remorse,6
responsibility,6
ride,6
rosalyn,6
salvation,6
savior,6
short,6
showing,6
sin,6
sorrow,6
special,6
spiritual,6
start,6
stuff,6
supporters,6
supposed,6
takes,6
telling,6
TRUE,6
uh,6
unit,6
used,6
walsh,6
watching,6
ways,6
witnesses,6
wrote,6
yeah,6
10,5
allow,5
asking,5
aunt,5
beat,5
belong,5
blame,5
bread,5
bury,5
capital,5
cases,5
chris,5
daily,5
danny,5
daughters,5
dna,5
drug,5
english,5
fact,5
faithful,5
final,5
folks,5
forced,5
gain,5
green,5
hand,5
happens,5
helping,5
hey,5
involved,5
job,5
joe,5
judge,5
keeping,5
leadeth,5
lied,5
light,5
listen,5
living,5
locked,5
makes,5
means,5
media,5
mike,5
moratorium,5
murdering,5
new,5
nice,5
prayed,5
presence,5
price,5
prophet,5
public,5
realize,5
receive,5
record,5
responsible,5
robert,5
sad,5
seek,5
self,5
shepherd,5
smile,5
stopped,5
talked,5
talking,5
temptation,5
tragedy,5
tried,5
try,5
um,5
veronica,5
victory,5
wake,5
wall,5
waters,5
west,5
worth,5
act,4
adams,4
allowed,4
animosity,4
asdadu,4
began,4
born,4
brad,4
car,4
careful,4
carlos,4
charge,4
chief,4
clear,4
close,4
cold,4
couple,4
cousins,4
cox,4
cross,4
cup,4
deal,4
demand,4
didnt,4
disappointed,4
divine,4
dog,4
dungeon,4
dwell,4
eardmann,4
easy,4
em,4
express,4
feelings,4
forgives,4
gary,4
gene,4
genocide,4
gets,4
getting,4
gives,4
gomez,4
goodness,4
gotta,4
hallelujah,4
hallowed,4
heard,4
hello,4
helps,4
high,4
humanity,4
hurts,4
husband,4
important,4
injustice,4
journey,4
known,4
lambert,4
laura,4
liberation,4
lies,4
lived,4
met,4
michelle,4
minutes,4
miracle,4
names,4
necessary,4
needed,4
nephews,4
nieces,4
oil,4
pastures,4
paths,4
paul,4
pay,4
personal,4
phone,4
pinkerton,4
prayers,4
preparest,4
proceed,4
process,4
profanity,4
prosecutor,4
protect,4
read,4
rebecca,4
received,4
regret,4
reverend,4
richard,4
rights,4
road,4
roll,4
romans,4
runneth,4
says,4
set,4
shadow,4
shed,4
shine,4
shoot,4
singing,4
sinner,4
sons,4
sooner,4
spoke,4
stood,4
suffer,4
suffered,4
supreme,4
sylvia,4
table,4
taste,4
tears,4
testimony,4
thine,4
thinking,4
thomas,4
touched,4
trouble,4
trust,4
turn,4
turned,4
uncle,4
upset,4
valley,4
veins,4
video,4
wait,4
whiteside,4
wilcox,4
win,4
word,4
yea,4
young,4
100,3
11,3
14,3
16,3
24,3
accepted,3
accident,3
al,3
alba,3
alive,3
altered,3
amy,3
anna,3
anointest,3
answers,3
anthony,3
apology,3
appeals,3
arms,3
ass,3
august,3
avenged,3
ba,3
barbara,3
bed,3
beginning,3
behalf,3
bitter,3
blessings,3
blood,3
blooded,3
book,3
breath,3
brief,3
bringing,3
bro,3
broke,3
bump,3
california,3
carl,3
chapter,3
christian,3
clayton,3
comes,3
community,3
completely,3
connie,3
corey,3
counts,3
courts,3
crazy,3
damn,3
debbie,3
deceased,3
deep,3
deeply,3
dell,3
different,3
doctor,3
doreen,3
doug,3
dow,3
earlier,3
equal,3
executions,3
experience,3
eye,3
facts,3
fair,3
fall,3
feels,3
file,3
fired,3
forgave,3
forgiving,3
fought,3
gift,3
girls,3
gladly,3
grandmother,3
grateful,3
grave,3
greatest,3
guilt,3
hang,3
hart,3
hawthorn,3
heartache,3
hero,3
hi,3
hollered,3
hoping,3
hour,3
hunting,3
incident,3
inmates,3
islam,3
jackson,3
jennifer,3
jenny,3
johnson,3
joke,3
jones,3
joy,3
judgment,3
kept,3
killer,3
kim,3
kindness,3
lady,3
laws,3
lawyer,3
leaving,3
leo,3
lets,3
letting,3
lift,3
linda,3
line,3
lopez,3
maketh,3
making,3
march,3
maria,3
maurie,3
message,3
mighty,3
mitchell,3
money,3
morgan,3
mourn,3
mumbled,3
mumbling,3
murdered,3
nation,3
office,3
open,3
pam,3
pass,3
poem,3
poor,3
pop,3
population,3
problem,3
problems,3
promises,3
provided,3
pull,3
race,3
ran,3
randy,3
ray,3
records,3
relief,3
remain,3
remind,3
restoreth,3
returns,3
revenge,3
revolution,3
robin,3
robinson,3
rock,3
ros,3
sabrina,3
saddened,3
satisfaction,3
saving,3
saw,3
scott,3
second,3
seeing,3
sending,3
sides,3
sinners,3
sky,3
solace,3
speak,3
spent,3
spoken,3
staff,3
started,3
steve,3
suicide,3
suit,3
susan,3
sweet,3
tapes,3
tdcj,3
te,3
thankful,3
tight,3
tom,3
transition,3
treat,3
trespass,3
trespasses,3
trigger,3
trinity,3
truck,3
type,3
understanding,3
voice,3
wants,3
warrior,3
williams,3
woman,3
wont,3
worked,3
write,3
wrongs,3
13,2
15,2
19,2
1991,2
25,2
30,2
acted,2
actually,2
adam,2
added,2
adios,2
admit,2
affected,2
afforded,2
affording,2
african,2
agree,2
aint,2
aka,2
allison,2
allowing,2
amber,2
andy,2
anne,2
answer,2
approach,2
arguments,2
arnott,2
arrival,2
article,2
ashamed,2
ashlee,2
asleep,2
assured,2
atrocity,2
awake,2
babies,2
beatitudes,2
bedroom,2
beg,2
begin,2
behold,2
beings,2
betty,2
bianca,2
biggest,2
bob,2
booger,2
break,2
brenda,2
brent,2
bullet,2
bunch,2
carrying,2
celebrate,2
celina,2
changes,2
chantal,2
charged,2
charles,2
check,2
cherish,2
choices,2
christine,2
civilized,2
clay,2
clean,2
closer,2
command,2
commend,2
compared,2
compassion,2
compromise,2
confessed,2
control,2
conviction,2
cori,2
correct,2
correctly,2
county,2
courtesy,2
courtroom,2
cover,2
cowboys,2
crimes,2
criminal,2
cruel,2
damien,2
dan,2
danielle,2
davis,2
dawn,2
dealer,2
decision,2
decisions,2
denied,2
deserved,2
desire,2
despite,2
destiny,2
destroyed,2
devil,2
dianne,2
difference,2
dignity,2
dios,2
disappoint,2
dishonor,2
disrespect,2
district,2
dixie,2
donovan,2
dope,2
doubt,2
dr,2
drugs,2
dust,2
dwight,2
easier,2
east,2
ellis,2
emotions,2
endure,2
endured,2
energy,2
ernest,2
error,2
eternal,2
everlasting,2
example,2
execute,2
executing,2
explain,2
exposed,2
expressed,2
eyed,2
fabricated,2
fail,2
fake,2
faking,2
falsified,2
fashion,2
fault,2
fell,2
fellows,2
fellowship,2
filed,2
filled,2
finite,2
fix,2
fixed,2
flesh,2
fo,2
foremost,2
form,2
francis,2
frustration,2
fullest,2
funeral,2
garbled,2
gates,2
gotten,2
government,2
graham,2
grandbabies,2
grandchildren,2
grant,2
granted,2
graves,2
greater,2
grew,2
ground,2
grudges,2
guidance,2
guido,2
gurney,2
guy,2
half,2
harbor,2
harder,2
hardest,2
harold,2
harris,2
hearted,2
hernandez,2
hewitt,2
hollow,2
horrible,2
hospitality,2
houston,2
hug,2
hugs,2
ideals,2
ilah,2
illa,2
illegally,2
imagine,2
importantly,2
including,2
infinite,2
inflicted,2
inna,2
inside,2
instances,2
instead,2
international,2
invite,2
involvement,2
irish,2
islamic,2
jane,2
jennie,2
joanna,2
joseph,2
judy,2
jury,2
kenney,2
kevin,2
kills,2
kin,2
kiss,2
knowledge,2
kyle,2
la,2
late,2
laugh,2
leaders,2
leads,2
learned,2
letters,2
list,2
listening,2
lls,2
longer,2
lose,2
losing,2
lots,2
loud,2
louis,2
lying,2
maker,2
malice,2
mandela,2
mankind,2
marcus,2
martin,2
mason,2
mass,2
matters,2
maybe,2
megan,2
melyssa,2
member,2
memories,2
memorize,2
mexican,2
mi,2
minister,2
ministry,2
misery,2
mohammed,2
moments,2
monster,2
months,2
moreno,2
moving,2
muhammadan,2
murderer,2
murders,2
nancy,2
neal,2
needle,2
negative,2
newspaper,2
nicholas,2
north,2
nov,2
numbers,2
offended,2
offer,2
official,2
officials,2
old,2
omitted,2
opened,2
order,2
outrage,2
overcome,2
owe,2
owed,2
paradise,2
parent,2
particular,2
parties,2
pastor,2
pat,2
path,2
patience,2
paying,2
peaceful,2
pen,2
period,2
personally,2
persons,2
peterson,2
physical,2
physically,2
placed,2
places,2
play,2
pleasure,2
poison,2
policeman,2
politicians,2
pope,2
portion,2
positive,2
possible,2
possibly,2
presented,2
pretty,2
prevail,2
princess,2
protest,2
pump,2
punish,2
punished,2
punishment,2
queen,2
quiero,2
quit,2
racist,2
rangers,2
rasul,2
reality,2
refuse,2
rejoice,2
release,2
remains,2
remorseful,2
remunerator,2
renee,2
represent,2
resolved,2
respected,2
revolutionary,2
rhodes,2
righteousness,2
river,2
robbery,2
rod,2
rodney,2
roger,2
ronnie,2
rose,2
roxanne,2
run,2
rusty,2
saint,2
sanchez,2
sanctioned,2
sandy,2
sankofa,2
sara,2
school,2
sean,2
seat,2
seconds,2
sent,2
sentences,2
seven,2
shaka,2
shalt,2
sharon,2
sheila,2
sherrod,2
shooting,2
shots,2
shout,2
sided,2
sign,2
sincerely,2
single,2
sis,2
smiling,2
solve,2
song,2
sonny,2
south,2
speaking,2
states,2
stefanie,2
sticking,2
stone,2
story,2
straight,2
street,2
streets,2
stronger,2
stuck,2
stupidity,2
surgery,2
surrender,2
swear,2
synnova,2
tammy,2
taylor,2
teaching,2
teenagers,2
teresa,2
test,2
testify,2
texans,2
thanked,2
thee,2
theres,2
thirteen,2
thoughts,2
throne,2
tiffany,2
till,2
tim,2
tommy,2
total,2
totally,2
treated,2
unconditional,2
understood,2
unfortunate,2
united,2
unites,2
unity,2
unjust,2
unknown,2
uphold,2
verbal,2
verily,2
vick,2
victorious,2
view,2
violence,2
violent,2
virginia,2
viva,2
voices,2
wages,2
walked,2
walls,2
wanting,2
webb,2
white,2
wings,2
wishes,2
works,2
worries,2
worst,2
wronged,2
yolanda,2
zero,2
1,1
6,1
9,1
10th,1
12,1
18,1
180,1
1983,1
1993,1
1998,1
1st,1
20,1
2003,1
2008,1
23,1
27,1
27th,1
31,1
35,1
36,1
39,1
5th,1
75,1
79,1
83,1
85,1
99,1
aaron,1
abel,1
absurdity,1
abul,1
account,1
accountable,1
ache,1
acknowledge,1
acknowledged,1
acknowledging,1
active,1
actively,1
acts,1
adela,1
admitted,1
adonya,1
advisor,1
affect,1
affecting,1
affection,1
afraid,1
age,1
agreeing,1
ahh,1
aid,1
ailsa,1
alabamos,1
alaikum,1
alan,1
alcohol,1
alcoholic,1
aleda,1
ali,1
alike,1
alison,1
alleged,1
allen,1
alot,1
amanda,1
amazing,1
ambitions,1
amended,1
amenia,1
americas,1
amigos,1
ancestors,1
ancient,1
anderson,1
andre,1
angela,1
angelic,1
angelo,1
anitra,1
ann,1
annette,1
annie,1
anointeth,1
anticipated,1
anticipation,1
anybodys,1
anymore,1
apologies,1
appeal,1
appear,1
appointed,1
aren,1
arguing,1
arm,1
armando,1
arnold,1
arrested,1
arresting,1
arthur,1
ashanti,1
ashworth,1
aside,1
assalaam,1
assigned,1
association,1
assure,1
asthma,1
attacked,1
attitude,1
atw,1
aubrey,1
audrey,1
auntie,1
aunts,1
authority,1
available,1
avenge,1
aviation,1
awe,1
awesome,1
ayers,1
babe,1
background,1
baggett,1
bakers,1
ball,1
barbados,1
barbarity,1
barker,1
based,1
bass,1
bathroom,1
battle,1
bea,1
beating,1
beatings,1
becca,1
beer,1
beginnings,1
begins,1
begotten,1
believed,1
believes,1
believeth,1
belongs,1
bernard,1
bestow,1
beth,1
betrayed,1
bible,1
bickering,1
bigger,1
billy,1
bilodeau,1
bit,1
bitches,1
blackie,1
blackwell,1
blesses,1
blow,1
bo,1
bohannon,1
boocub,1
boss,1
bounce,1
boys,1
brandon,1
brandy,1
breathe,1
breed,1
brian,1
brien,1
brigitta,1
broken,1
bros,1
bruce,1
bruno,1
brutality,1
bryan,1
bryant,1
bubba,1
bug,1
build,1
building,1
burden,1
burn,1
burned,1
burning,1
buster,1
butt,1
byers,1
cab,1
cadena,1
caller,1
calling,1
calmed,1
calmness,1
calvary,1
camille,1
campbell,1
campo,1
cancellation,1
candle,1
career,1
caring,1
carla,1
carma,1
carol,1
carolyn,1
carrie,1
carried,1
carrier,1
cassandra,1
cast,1
catacombs,1
catharina,1
cathy,1
caught,1
causes,1
causing,1
cca,1
cdl,1
celebrating,1
celebration,1
celeste,1
celia,1
cell,1
cemetery,1
central,1
century,1
certainly,1
chad,1
chains,1
chamber,1
chances,1
chant,1
chaplains,1
charlotte,1
charlton,1
cheap,1
cheated,1
chelsea,1
cheri,1
chiara,1
chicken,1
chimurenga,1
chiquita,1
choke,1
chong,1
chooses,1
choosing,1
chops,1
chose,1
christi,1
christianity,1
christians,1
christina,1
christopher,1
chronicle,1
chuckie,1
chump,1
cigarette,1
cindy,1
circuit,1
circumstances,1
claimed,1
claims,1
clash,1
claudia,1
cleanse,1
clemency,1
cleve,1
client,1
closed,1
closeness,1
closet,1
closing,1
clown,1
club,1
code,1
collins,1
comforted,1
commence,1
comments,1
committing,1
compelling,1
complaints,1
concern,1
conclusion,1
condition,1
conference,1
confession,1
confidence,1
confinement,1
conflict,1
confusion,1
conna,1
conscience,1
consciousness,1
consequences,1
conspiracy,1
constitution,1
consulado,1
contact,1
contigo,1
continued,1
contradict,1
conversion,1
convict,1
cool,1
copy,1
corinthians,1
corpus,1
cort,1
cory,1
cost,1
cough,1
coughed,1
counseling,1
countless,1
countries,1
courage,1
course,1
cowboy,1
cpr,1
crack,1
create,1
creating,1
cried,1
crooked,1
crouch,1
crucified,1
crushed,1
cruz,1
cuba,1
cuida,1
cullen,1
cut,1
cutler,1
cynthia,1
daffy,1
dallas,1
damen,1
damned,1
danalyn,1
danayes,1
dance,1
dancing,1
daniel,1
darkness,1
darlie,1
darling,1
darrian,1
davids,1
dawson,1
dea,1
deadline,1
deaf,1
dealers,1
dealing,1
deals,1
dealt,1
debra,1
debt,1
debtors,1
debts,1
deceive,1
december,1
deception,1
decir,1
declare,1
deeds,1
deena,1
deepest,1
defeats,1
defenseless,1
definitely,1
deidra,1
deleted,1
delia,1
deliberately,1
demonstrate,1
denial,1
departure,1
desired,1
desperately,1
despicable,1
destroy,1
destroying,1
destruct,1
deter,1
determine,1
determined,1
detes,1
devastated,1
devastating,1
devin,1
devoted,1
diamonds,1
diana,1
diaper,1
diarmed,1
dich,1
didmau,1
difficult,1
diligence,1
directed,1
direction,1
director,1
dirty,1
disappointment,1
disciple,1
discomfort,1
dismiss,1
dispose,1
doctors,1
document,1
documents,1
doesnt,1
dogs,1
dolatschko,1
donahue,1
donating,1
doodle,1
door,1
doors,1
doris,1
dorothy,1
double,1
doubts,1
douglas,1
downtown,1
dozen,1
drawn,1
dre,1
dreamed,1
dreaming,1
drive,1
driver,1
drove,1
drowned,1
du,1
duck,1
dude,1
dutton,1
dwells,1
dwyer,1
dyson,1
ear,1
earl,1
earline,1
early,1
eastham,1
ect,1
eden,1
edgardo,1
edie,1
educated,1
edwin,1
efforts,1
elijah,1
eliminate,1
elizabeth,1
elliot,1
eloise,1
embargo,1
embrace,1
embraced,1
emmanuel,1
enable,1
encourage,1
endeavor,1
ended,1
ending,1
endings,1
england,1
enjoied,1
enjoyed,1
enlightenment,1
entered,1
entire,1
environment,1
era,1
erased,1
eric,1
errors,1
espiritu,1
est,1
eternity,1
eve,1
evelyn,1
event,1
events,1
everett,1
everytime,1
evidently,1
excuse,1
excuses,1
exist,1
existent,1
existing,1
exonerated,1
expletive,1
expressing,1
extended,1
extending,1
fabrication,1
faced,1
faces,1
facetious,1
failed,1
failing,1
falicia,1
falling,1
FALSE,1
familia,1
famly,1
famous,1
fantasy,1
farren,1
fast,1
fathers,1
faults,1
favor,1
federal,1
feeling,1
feet,1
feldman,1
felicia,1
fellas,1
felonies,1
felt,1
fernandez,1
fielder,1
figure,1
filing,1
finally,1
finds,1
fingers,1
finish,1
fixin,1
flag,1
flake,1
fleetwood,1
flight,1
floor,1
flow,1
following,1
force,1
ford,1
forefathers,1
forest,1
forgiver,1
forgot,1
formely,1
fort,1
foster,1
foundations,1
fourteen,1
fran,1
franciscan,1
frank,1
fred,1
fredericks,1
french,1
fro,1
fruit,1
fulfill,1
gabby,1
gabriel,1
gabrielle,1
gained,1
gaines,1
galloway,1
gang,1
garza,1
gas,1
gaylene,1
general,1
gently,1
genuine,1
genuinely,1
gerald,1
gerard,1
german,1
germany,1
gigi,1
gilbert,1
glass,1
globe,1
gloria,1
glorious,1
gold,1
golden,1
gomorrah,1
gong,1
goodnight,1
governs,1
gracias,1
gracie,1
graciously,1
grand,1
grandfather,1
grandma,1
grandpas,1
grandson,1
granny,1
grass,1
gray,1
greatly,1
greer,1
groups,1
grown,1
grumah,1
guajardo,1
guarantee,1
guaranteed,1
guided,1
guides,1
guiding,1
gus,1
hair,1
hall,1
handcuffed,1
hanging,1
happended,1
harm,1
harming,1
haven,1
havent,1
hawkings,1
hawkins,1
hayden,1
hazelwood,1
headed,1
headphones,1
heal,1
healing,1
heals,1
health,1
hearing,1
hears,1
hector,1
hef,1
heinous,1
held,1
helen,1
helgren,1
herb,1
herelester,1
heroin,1
heros,1
herrington,1
herz,1
hide,1
hilton,1
hinder,1
hines,1
hired,1
hit,1
hodges,1
holder,1
holding,1
holiness,1
hollbrook,1
holmes,1
homesick,1
honey,1
honored,1
hopefully,1
hopelessness,1
hot,1
hours,1
howard,1
howdy,1
huh,1
humans,1
humphrey,1
hun,1
hurley,1
hurry,1
iam,1
ich,1
id,1
idle,1
ieisha,1
ii,1
iii,1
ilayhi,1
illness,1
imagined,1
immaturity,1
immediate,1
imperfections,1
incarcerated,1
incarceration,1
indignity,1
individual,1
individually,1
inexcusable,1
infamous,1
inflict,1
informant,1
informed,1
injury,1
inmate,1
instill,1
institution,1
institutions,1
instrument,1
instrumental,1
intend,1
intended,1
intention,1
intentionally,1
interviews,1
invested,1
investigator,1
investigators,1
invited,1
invoke,1
iran,1
iraq,1
ireland,1
iris,1
ironic,1
irreversible,1
isabel,1
island,1
isolated,1
israel,1
issue,1
jagger,1
jaime,1
jake,1
jamie,1
jason,1
javier,1
jay,1
jefe,1
jermaine,1
jerry,1
jess,1
jesse,1
jessica,1
ji,1
jim,1
joann,1
joey,1
john3,1
johnny,1
join,1
jonesin,1
jorge,1
jose,1
josh,1
jr,1
juana,1
juanita,1
judgement,1
judges,1
judgments,1
jumped,1
june,1
jung,1
junie,1
jurors,1
justify,1
justin,1
kami,1
kaneisha,1
kate,1
katherine,1
katrina,1
kay,1
kaye,1
kelly,1
ken,1
kent,1
kerstin,1
key,1
khristopher,1
kick,1
kid,1
kinda,1
kindom,1
kings,1
kinnamon,1
kinslow,1
kira,1
kitten,1
kjersti,1
knees,1
knight,1
knives,1
knock,1
knowing,1
knowingly,1
koslow,1
kristy,1
kuley,1
kyo,1
lack,1
laid,1
lamb,1
lang,1
larry,1
lasted,1
laurie,1
lawrence,1
lays,1
learning,1
leary,1
lee,1
leg,1
legal,1
legendary,1
lent,1
leslie,1
lesson,1
lethal,1
levi,1
levins,1
li,1
liberate,1
liele,1
lifetime,1
lion,1
lips,1
listed,1
listened,1
load,1
lock,1
looked,1
loose,1
lopes,1
lords,1
lorna,1
lorrell,1
lovel,1
lovely,1
lubbock,1
luis,1
luise,1
luke,1
lundy,1
luther,1
luttig,1
lynn,1
madness,1
maggie,1
magnificent,1
maintain,1
malcom,1
mandas,1
mandy,1
manner,1
manon,1
mansion,1
marcy,1
margherita,1
margie,1
marino,1
mario,1
marissa,1
mark,1
marked,1
marsha,1
marta,1
masters,1
matched,1
matt,1
maximum,1
mayor,1
mccarthy,1
mcdougal,1
mchenry,1
meal,1
meaning,1
meeting,1
melanie,1
melissa,1
melodee,1
memory,1
menic,1
mentally,1
mercedes,1
merit,1
merka,1
mess,1
messed,1
messenger,1
methadone,1
mexicans,1
mia,1
mic,1
michigan,1
mid,1
midst,1
miguel,1
mija,1
mijta,1
milo,1
mindful,1
minds,1
minimum,1
miriam,1
miscarriage,1
misguided,1
mishap,1
misled,1
missing,1
misty,1
mithas,1
modina,1
mohammad,1
molest,1
mommy,1
monkey,1
monsters,1
moon,1
moral,1
morning,1
mothers,1
motives,1
mouth,1
mouthed,1
muchas,1
mucho,1
muhammad,1
muhammd,1
mumblesmo,1
murderers,1
myoho,1
nadia,1
nam,1
nanny,1
nashtat,1
neckbone,1
nectar,1
needles,1
nell,1
nelson,1
nephew,1
nervous,1
nicole,1
noel,1
noemi,1
non,1
noticed,1
nourish,1
nuncio,1
nuns,1
nutt,1
obey,1
obryan,1
obscure,1
observer,1
obtain,1
occasion,1
ocean,1
ochente,1
offenders,1
offered,1
ollie,1
ongoing,1
oralia,1
orlando,1
oth,1
otis,1
outlaw,1
outlining,1
overcame,1
overlooks,1
overplayed,1
overseas,1
overwhelming,1
owen,1
pa,1
packed,1
pact,1
pals,1
pammy,1
pampering,1
papa,1
paper,1
parole,1
participating,1
partners,1
parts,1
party,1
passed,1
pastors,1
patricia,1
patrick,1
patterns,1
patty,1
paulette,1
pauses,1
peanut,1
peg,1
penal,1
pending,1
penitentiary,1
peoples,1
pepper,1
performed,1
performing,1
perkins,1
permission,1
persecuted,1
personnel,1
peter,1
peters,1
photo,1
picked,1
pictures,1
pillar,1
pin,1
pit,1
plan,1
plane,1
planet,1
planting,1
played,1
plead,1
plenty,1
poet,1
polygraph,1
popsicle,1
por,1
pork,1
potential,1
pounds,1
powell,1
powerful,1
praises,1
prays,1
preach,1
prechtl,1
premeditation,1
president,1
priceless,1
printed,1
prize,1
prizessin,1
probation,1
proceeding,1
proclaim,1
professed,1
professionalism,1
promised,1
proof,1
properly,1
prosecutors,1
protection,1
protested,1
proving,1
proxy,1
psalm,1
publicly,1
pulled,1
pure,1
purely,1
purpose,1
purposely,1
pursuing,1
push,1
qualified,1
quarter,1
quiet,1
rachel,1
raiders,1
raise,1
rajiun,1
rallied,1
ramiro,1
rapes,1
reacted,1
realizing,1
rebate,1
rebut,1
recent,1
recite,1
recited,1
recites,1
recognize,1
recovered,1
reed,1
reehcer,1
reeves,1
reflex,1
reformatory,1
refund,1
refused,1
regarding,1
regards,1
regrets,1
regretted,1
related,1
relatives,1
released,1
religion,1
remaining,1
remembered,1
remembering,1
remembers,1
remuneration,1
rendered,1
renge,1
repay,1
repent,1
repentant,1
replace,1
replied,1
report,1
representing,1
reprieve,1
reputation,1
request,1
require,1
rescued,1
reserve,1
resident,1
resistance,1
resolve,1
resounding,1
respectful,1
respectively,1
respond,1
restores,1
restraints,1
result,1
results,1
resurrected,1
returned,1
revealed,1
reviewed,1
rich,1
richie,1
ricky,1
righeousness,1
rind,1
rip,1
rise,1
rita,1
rocky,1
roland,1
rolling,1
ron,1
ronald,1
ronni,1
room,1
rosales,1
roseanne,1
ruiz,1
rule,1
running,1
rush,1
sacrifice,1
saddam,1
sadness,1
safe,1
safer,1
salaamu,1
samantha,1
sammie,1
sanctions,1
sanders,1
santajaib,1
sarah,1
sat,1
satan,1
satisfied,1
scene,1
schaeffer,1
schone,1
schools,1
schwarzenegger,1
science,1
scooter,1
scream,1
screwed,1
sea,1
search,1
secure,1
security,1
seeking,1
seele,1
seen,1
sees,1
segal,1
sehm,1
sell,1
selso,1
senseless,1
sentiment,1
separated,1
separates,1
separation,1
sequence,1
servant,1
serve,1
service,1
sets,1
setting,1
settle,1
shackles,1
shame,1
shameful,1
shane,1
shannon,1
share,1
sharpton,1
shawn,1
shay,1
shedding,1
sheena,1
sheet,1
shelby,1
sheri,1
shield,1
shineth,1
shirt,1
shoe,1
shoes,1
shonna,1
shore,1
shortly,1
shorty,1
shouldn,1
shower,1
showered,1
shows,1
shut,1
shy,1
sick,1
siff,1
signature,1
simmons,1
simple,1
simply,1
sims,1
sincerity,1
sing,1
singh,1
sinned,1
sit,1
skains,1
slate,1
slaughter,1
slave,1
slavery,1
slayton,1
slick,1
slope,1
slumber,1
smaillii,1
small,1
softened,1
softly,1
soiling,1
sold,1
solid,1
solidarity,1
solitary,1
sort,1
souls,1
sound,1
spade,1
spark,1
speakers,1
speaks,1
specially,1
specific,1
speech,1
speed,1
spin,1
spite,1
spun,1
sputnick,1
squashed,1
st,1
stabbed,1
stake,1
starting,1
staying,1
steal,1
steinfeldt,1
step,1
stephanie,1
stepping,1
steven,1
stings,1
stole,1
stops,1
strange,1
strapped,1
stretcher,1
string,1
struggling,1
stunt,1
sularus,1
sullivan,1
sun,1
suppose,1
suppressed,1
surace,1
surviving,1
suspended,1
switch,1
symptom,1
systematic,1
tables,1
tact,1
tali,1
tannie,1
taught,1
teach,1
tells,1
temple,1
temporary,1
tennis,1
terella,1
terms,1
terrell,1
terrfying,1
terrible,1
terribly,1
terrifying,1
testament,1
testified,1
tests,1
theirs,1
theyll,1
thier,1
thirty,1
thompson,1
thousand,1
threats,1
threw,1
throat,1
tie,1
tilling,1
timers,1
timothy,1
tina,1
tired,1
tires,1
tito,1
toby,1
todeschini,1
todo,1
todos,1
tolson,1
tomas,1
tomorrow,1
tongues,1
tony,1
tore,1
torn,1
torres,1
town,1
tracey,1
track,1
tracy,1
trade,1
tradition,1
transcripts,1
transgressions,1
translating,1
translation,1
transpire,1
travesties,1
travis,1
treasure,1
tree,1
trespassed,1
tresspasses,1
tribe,1
trip,1
trooper,1
truely,1
trunk,1
truthfully,1
truthfulness,1
turner,1
uhl,1
ultimate,1
unable,1
uncles,1
undertaker,1
undo,1
undying,1
unfair,1
unforgivable,1
unforgivesness,1
unintentional,1
unite,1
universe,1
unjustly,1
unprovoked,1
unrestrained,1
unrighteousness,1
unwavering,1
ups,1
ursula,1
using,1
vain,1
varghese,1
vein,1
velasquez,1
vengeance,1
verify,1
verse,1
veterans,1
veterinary,1
vicente,1
victor,1
videotape,1
vietnamese,1
vincent,1
visit,1
visits,1
vocabulary,1
void,1
volunteered,1
wa,1
walking,1
walks,1
walt,1
walter,1
wanda,1
war,1
ward,1
wardens,1
ware,1
warm,1
warmest,1
wasnt,1
waste,1
watkins,1
wayne,1
wealth,1
wearing,1
wedding,1
weeks,1
weigh,1
welcome,1
wendy,1
weren,1
wes,1
wesley,1
wet,1
wheat,1
wherefore,1
wholeheartedly,1
whosoever,1
willing,1
willy,1
wilson,1
winn,1
winnie,1
wins,1
winthin,1
wiped,1
wished,1
wishing,1
witches,1
witnessed,1
wonder,1
wondering,1
woods,1
worrying,1
worse,1
worthwhile,1
worthy,1
wouldn,1
wrath,1
wretched,1
wright,1
writing,1
wrongfully,1
wynona,1
yahweh,1
yard,1
yaws,1
year,1
yellow,1
yields,1
yoli,1
york,1
younger,1
youngster,1
youre,1
youth,1
zena,1
